epoch,time,train/box_loss,train/cls_loss,train/dfl_loss,metrics/precision(B),metrics/recall(B),metrics/mAP50(B),metrics/mAP50-95(B),val/box_loss,val/cls_loss,val/dfl_loss,lr/pg0,lr/pg1,lr/pg2
1,6.35856,1.4903,2.19837,1.37261,0.99994,1,0.995,0.67005,1.26001,2.62178,1.20216,0.000650794,0.000650794,0.000650794
2,11.6226,0.9761,1.25865,1.05655,0.98636,1,0.99453,0.69821,1.02477,1.44213,1.11817,0.00130442,0.00130442,0.00130442
3,16.6822,0.89552,1.06786,1.042,0.99811,1,0.995,0.77178,0.93281,1.06977,1.14416,0.00194484,0.00194484,0.00194484
4,21.7377,0.90629,0.89544,1.02224,0.99908,1,0.995,0.76722,0.90125,0.89283,1.09304,0.0019406,0.0019406,0.0019406
5,26.6014,0.88448,0.7965,1.01039,0.99898,1,0.995,0.72775,0.97983,0.78942,0.97346,0.0019208,0.0019208,0.0019208
6,31.6889,0.84326,0.73562,0.99174,0.99879,1,0.995,0.80025,0.76363,0.61187,0.94935,0.001901,0.001901,0.001901
7,36.7383,0.84577,0.66238,1.00845,0.99913,1,0.995,0.79662,0.79823,0.58306,0.96282,0.0018812,0.0018812,0.0018812
8,41.4838,0.89465,0.6306,1.02609,0.99878,1,0.995,0.79182,0.75424,0.55281,0.92419,0.0018614,0.0018614,0.0018614
9,46.1898,0.84932,0.60407,1.00142,0.99641,1,0.995,0.80325,0.76268,0.51772,0.95667,0.0018416,0.0018416,0.0018416
10,51.2039,0.817,0.56986,0.98138,0.99908,1,0.995,0.79819,0.73514,0.45996,0.92139,0.0018218,0.0018218,0.0018218
11,55.847,0.82845,0.55579,0.974,0.99922,1,0.995,0.80436,0.66497,0.43619,0.90618,0.001802,0.001802,0.001802
12,60.7095,0.75356,0.51524,0.96271,0.99921,1,0.995,0.80023,0.76433,0.46641,0.93985,0.0017822,0.0017822,0.0017822
13,65.6672,0.75341,0.49846,0.96421,0.99922,1,0.995,0.80536,0.75363,0.44045,0.95565,0.0017624,0.0017624,0.0017624
14,70.5686,0.78534,0.51362,0.96155,0.99912,1,0.995,0.8116,0.68412,0.43639,0.91099,0.0017426,0.0017426,0.0017426
15,75.478,0.79816,0.50592,0.98362,0.99922,1,0.995,0.81477,0.70714,0.3934,0.90827,0.0017228,0.0017228,0.0017228
16,80.1405,0.7735,0.49598,0.96602,0.9992,1,0.995,0.79437,0.70971,0.38833,0.91286,0.001703,0.001703,0.001703
17,85.2498,0.67756,0.46036,0.96118,0.99924,1,0.995,0.82239,0.65091,0.37337,0.89142,0.0016832,0.0016832,0.0016832
18,90.2419,0.73436,0.47542,0.95793,0.99862,1,0.995,0.8075,0.67509,0.38171,0.89286,0.0016634,0.0016634,0.0016634
19,95.1631,0.76036,0.48643,0.95779,0.99921,1,0.995,0.80104,0.76085,0.39384,0.93826,0.0016436,0.0016436,0.0016436
20,100.01,0.74823,0.46472,0.96346,0.99901,1,0.995,0.81978,0.66965,0.38709,0.90301,0.0016238,0.0016238,0.0016238
21,104.923,0.72449,0.47369,0.94632,0.99925,1,0.995,0.83076,0.6714,0.38967,0.89332,0.001604,0.001604,0.001604
22,109.859,0.6803,0.43801,0.94903,0.99923,1,0.995,0.81122,0.64196,0.3666,0.87707,0.0015842,0.0015842,0.0015842
23,114.669,0.7251,0.4456,0.96915,0.99925,1,0.995,0.83799,0.69513,0.35497,0.89416,0.0015644,0.0015644,0.0015644
24,119.572,0.72001,0.43964,0.97152,0.99919,1,0.995,0.83518,0.69514,0.36213,0.90322,0.0015446,0.0015446,0.0015446
25,124.502,0.69886,0.43391,0.95789,0.9987,1,0.995,0.83458,0.7068,0.42509,0.92765,0.0015248,0.0015248,0.0015248
26,129.564,0.71163,0.43181,0.95049,0.99908,1,0.995,0.82356,0.72357,0.37905,0.89745,0.001505,0.001505,0.001505
27,134.545,0.7317,0.4309,0.95268,0.99886,1,0.995,0.82745,0.70179,0.36333,0.89876,0.0014852,0.0014852,0.0014852
28,139.455,0.6893,0.42038,0.93695,0.99929,1,0.995,0.84074,0.66643,0.34758,0.88568,0.0014654,0.0014654,0.0014654
29,144.397,0.72619,0.42882,0.95495,0.99927,1,0.995,0.83436,0.67995,0.3488,0.89799,0.0014456,0.0014456,0.0014456
30,149.064,0.73015,0.43107,0.96042,0.99907,1,0.995,0.82542,0.64573,0.34348,0.9014,0.0014258,0.0014258,0.0014258
31,153.983,0.6968,0.42903,0.94859,0.99927,1,0.995,0.82732,0.67306,0.37559,0.88472,0.001406,0.001406,0.001406
32,158.828,0.68186,0.42288,0.94886,0.99928,1,0.995,0.85584,0.60846,0.32823,0.8755,0.0013862,0.0013862,0.0013862
33,163.826,0.6467,0.39267,0.93189,0.99916,1,0.995,0.82386,0.67194,0.35054,0.89838,0.0013664,0.0013664,0.0013664
34,168.92,0.66105,0.39604,0.94833,0.99914,1,0.995,0.83583,0.62957,0.3352,0.88832,0.0013466,0.0013466,0.0013466
35,174.085,0.68291,0.42154,0.94898,0.99919,1,0.995,0.8386,0.65695,0.32972,0.89167,0.0013268,0.0013268,0.0013268
36,178.799,0.64192,0.40123,0.93986,0.99926,1,0.995,0.83148,0.65423,0.34567,0.88665,0.001307,0.001307,0.001307
37,183.715,0.67352,0.41239,0.9321,0.99927,1,0.995,0.85198,0.65132,0.3336,0.8746,0.0012872,0.0012872,0.0012872
38,188.474,0.65374,0.39872,0.93611,0.99928,1,0.995,0.84011,0.61915,0.32536,0.87507,0.0012674,0.0012674,0.0012674
39,193.322,0.6623,0.38491,0.94737,0.99878,1,0.995,0.86678,0.60947,0.32939,0.86489,0.0012476,0.0012476,0.0012476
40,198.222,0.65975,0.39385,0.95118,0.99924,1,0.995,0.8412,0.63296,0.31705,0.87788,0.0012278,0.0012278,0.0012278
41,203.145,0.64386,0.39279,0.9343,0.99928,1,0.995,0.84868,0.62953,0.32095,0.86971,0.001208,0.001208,0.001208
42,208.279,0.64729,0.39377,0.93506,0.99921,1,0.995,0.84759,0.61617,0.32101,0.8704,0.0011882,0.0011882,0.0011882
43,213.267,0.67258,0.39153,0.93768,0.99929,1,0.995,0.87458,0.60802,0.30917,0.86607,0.0011684,0.0011684,0.0011684
44,218.146,0.66218,0.40402,0.93468,0.99894,1,0.995,0.85075,0.62171,0.32335,0.87065,0.0011486,0.0011486,0.0011486
45,223.116,0.65992,0.40273,0.93148,0.99925,1,0.995,0.8545,0.63905,0.34082,0.87344,0.0011288,0.0011288,0.0011288
46,227.743,0.6686,0.40062,0.93668,0.99921,1,0.995,0.8426,0.61699,0.32639,0.86847,0.001109,0.001109,0.001109
47,232.622,0.61899,0.36327,0.92821,0.99911,1,0.995,0.85346,0.60883,0.32263,0.87451,0.0010892,0.0010892,0.0010892
48,237.353,0.65708,0.38255,0.93514,0.99917,1,0.995,0.81854,0.64997,0.35332,0.89038,0.0010694,0.0010694,0.0010694
49,242.34,0.6616,0.39431,0.92738,0.99931,1,0.995,0.83104,0.6231,0.31087,0.88663,0.0010496,0.0010496,0.0010496
50,247.03,0.68317,0.37718,0.93855,0.99931,1,0.995,0.84522,0.63492,0.31606,0.88419,0.0010298,0.0010298,0.0010298
51,252.182,0.62332,0.37781,0.92941,0.99929,1,0.995,0.85873,0.63037,0.31261,0.87416,0.00101,0.00101,0.00101
52,257.068,0.67513,0.39653,0.94529,0.99924,1,0.995,0.83374,0.69327,0.31879,0.87967,0.0009902,0.0009902,0.0009902
53,261.658,0.62854,0.37184,0.92242,0.99929,1,0.995,0.8696,0.61757,0.30295,0.87085,0.0009704,0.0009704,0.0009704
54,266.487,0.61019,0.36256,0.91868,0.99928,1,0.995,0.86787,0.60168,0.30177,0.86409,0.0009506,0.0009506,0.0009506
55,271.354,0.61467,0.3693,0.9207,0.99921,1,0.995,0.85267,0.6175,0.31426,0.87766,0.0009308,0.0009308,0.0009308
56,276.152,0.6368,0.36357,0.93272,0.9992,1,0.995,0.84619,0.6226,0.30461,0.86834,0.000911,0.000911,0.000911
57,281.136,0.65804,0.3803,0.92548,0.99929,1,0.995,0.86987,0.58458,0.29356,0.86032,0.0008912,0.0008912,0.0008912
58,286.057,0.58558,0.35375,0.92467,0.99931,1,0.995,0.85075,0.64238,0.30602,0.87689,0.0008714,0.0008714,0.0008714
59,290.94,0.61662,0.35214,0.90547,0.99929,1,0.995,0.85758,0.60429,0.30185,0.86938,0.0008516,0.0008516,0.0008516
60,295.741,0.61821,0.36321,0.91552,0.99921,1,0.995,0.83914,0.65266,0.32175,0.88372,0.0008318,0.0008318,0.0008318
61,300.419,0.61694,0.36329,0.92869,0.99931,1,0.995,0.86275,0.59489,0.28425,0.86484,0.000812,0.000812,0.000812
62,305.199,0.62903,0.37321,0.92271,0.99931,1,0.995,0.86076,0.62104,0.30387,0.86191,0.0007922,0.0007922,0.0007922
63,309.873,0.61767,0.36125,0.91955,0.99928,1,0.995,0.86339,0.61576,0.28702,0.86911,0.0007724,0.0007724,0.0007724
64,314.837,0.59141,0.34508,0.90495,0.99929,1,0.995,0.86603,0.59338,0.29089,0.86522,0.0007526,0.0007526,0.0007526
65,319.487,0.59807,0.35004,0.9172,0.99928,1,0.995,0.8488,0.5976,0.28695,0.86643,0.0007328,0.0007328,0.0007328
66,324.479,0.58497,0.34812,0.92209,0.99931,1,0.995,0.85807,0.60093,0.29292,0.87129,0.000713,0.000713,0.000713
67,329.338,0.59957,0.34988,0.92186,0.99924,1,0.995,0.8572,0.6108,0.30434,0.87454,0.0006932,0.0006932,0.0006932
68,334.133,0.59131,0.35207,0.93448,0.99907,1,0.995,0.85791,0.61235,0.29651,0.87569,0.0006734,0.0006734,0.0006734
69,339.024,0.59124,0.33218,0.91657,0.99929,1,0.995,0.85684,0.62026,0.29718,0.86824,0.0006536,0.0006536,0.0006536
70,344.06,0.57807,0.34876,0.91828,0.99931,1,0.995,0.85939,0.60885,0.29473,0.86561,0.0006338,0.0006338,0.0006338
71,348.883,0.60438,0.34064,0.92164,0.99928,1,0.995,0.85882,0.59607,0.27555,0.87015,0.000614,0.000614,0.000614
72,353.864,0.5546,0.32631,0.90609,0.99931,1,0.995,0.85422,0.61707,0.28248,0.87952,0.0005942,0.0005942,0.0005942
73,358.808,0.58105,0.32845,0.91982,0.9993,1,0.995,0.86304,0.59608,0.28206,0.87222,0.0005744,0.0005744,0.0005744
74,363.672,0.60179,0.34761,0.92869,0.9993,1,0.995,0.86309,0.59956,0.28947,0.86963,0.0005546,0.0005546,0.0005546
75,368.334,0.55605,0.32518,0.90561,0.9993,1,0.995,0.86198,0.59556,0.28416,0.86707,0.0005348,0.0005348,0.0005348
76,373.397,0.59412,0.34904,0.91165,0.99925,1,0.995,0.85918,0.60329,0.28731,0.86574,0.000515,0.000515,0.000515
77,378.315,0.57092,0.32293,0.90721,0.99904,1,0.995,0.86773,0.56922,0.27861,0.85423,0.0004952,0.0004952,0.0004952
78,383.171,0.5899,0.33261,0.91202,0.99915,1,0.995,0.87655,0.58932,0.27697,0.86743,0.0004754,0.0004754,0.0004754
79,388.446,0.56806,0.3322,0.90295,0.99929,1,0.995,0.8585,0.56913,0.26588,0.85531,0.0004556,0.0004556,0.0004556
80,393.274,0.57651,0.32647,0.90957,0.9993,1,0.995,0.88142,0.58424,0.26754,0.86145,0.0004358,0.0004358,0.0004358
81,398.35,0.58027,0.33694,0.91877,0.99929,1,0.995,0.87278,0.56956,0.26292,0.86106,0.000416,0.000416,0.000416
82,403.601,0.5756,0.32494,0.90319,0.9993,1,0.995,0.87189,0.57907,0.26652,0.86234,0.0003962,0.0003962,0.0003962
83,408.571,0.50982,0.31033,0.89268,0.99928,1,0.995,0.8624,0.58688,0.27852,0.86203,0.0003764,0.0003764,0.0003764
84,413.492,0.57043,0.32261,0.91802,0.99929,1,0.995,0.88341,0.57043,0.26186,0.85849,0.0003566,0.0003566,0.0003566
85,418.811,0.5456,0.32056,0.89971,0.99929,1,0.995,0.87234,0.57502,0.26866,0.86274,0.0003368,0.0003368,0.0003368
86,423.492,0.54717,0.31989,0.89974,0.9993,1,0.995,0.87023,0.60449,0.27012,0.87315,0.000317,0.000317,0.000317
87,428.418,0.53162,0.31168,0.89195,0.99931,1,0.995,0.87535,0.57836,0.25489,0.86764,0.0002972,0.0002972,0.0002972
88,433.37,0.52476,0.30304,0.8841,0.9993,1,0.995,0.87077,0.57922,0.26316,0.85991,0.0002774,0.0002774,0.0002774
89,438.403,0.53369,0.3078,0.90341,0.99931,1,0.995,0.87345,0.59475,0.26262,0.8668,0.0002576,0.0002576,0.0002576
90,443.213,0.5115,0.30782,0.88999,0.99932,1,0.995,0.87805,0.58248,0.26194,0.87257,0.0002378,0.0002378,0.0002378
91,448.37,0.50885,0.28673,0.88501,0.99925,1,0.995,0.86978,0.55722,0.25873,0.86122,0.000218,0.000218,0.000218
92,453.254,0.4989,0.28223,0.87124,0.99926,1,0.995,0.87255,0.56477,0.26342,0.86173,0.0001982,0.0001982,0.0001982
93,457.796,0.42866,0.25936,0.85558,0.99929,1,0.995,0.87843,0.56686,0.25666,0.86123,0.0001784,0.0001784,0.0001784
94,462.54,0.46215,0.26082,0.86224,0.99929,1,0.995,0.88241,0.56427,0.25634,0.8613,0.0001586,0.0001586,0.0001586
95,467.419,0.46612,0.26636,0.86897,0.99929,1,0.995,0.87084,0.56697,0.26391,0.86242,0.0001388,0.0001388,0.0001388
96,471.899,0.44011,0.25264,0.84802,0.9993,1,0.995,0.87588,0.57331,0.25541,0.86211,0.000119,0.000119,0.000119
97,476.847,0.46029,0.25344,0.85478,0.99931,1,0.995,0.87723,0.57057,0.25618,0.86328,9.92e-05,9.92e-05,9.92e-05
98,481.933,0.47384,0.25842,0.85486,0.9993,1,0.995,0.88045,0.5695,0.25041,0.86381,7.94e-05,7.94e-05,7.94e-05
99,486.622,0.4395,0.25067,0.86649,0.9993,1,0.995,0.8785,0.56837,0.24854,0.86126,5.96e-05,5.96e-05,5.96e-05
100,491.477,0.45651,0.25556,0.86308,0.99931,1,0.995,0.88259,0.57527,0.25386,0.86275,3.98e-05,3.98e-05,3.98e-05
